setting_id,n_estimators,max_features,min_samples_leaf,class_weight,class,f1_score_s1s2,user_accuracy_s1s2,producer_accuracy_s1s2,support_s1s2,f1_score_s2_only,user_accuracy_s2_only,producer_accuracy_s2_only,support_s2_only,f1_score_delta,user_accuracy_delta,producer_accuracy_delta
rf_01,300,sqrt,1,balanced,Winter wheat,0.8039702233250621,0.8393782383419689,0.7714285714285715,210.0,0.7417840375586855,0.7314814814814815,0.7523809523809524,210.0,0.06218618576637658,0.10789675686048739,0.01904761904761909
rf_01,300,sqrt,1,balanced,Winter barley,0.7990970654627539,0.7937219730941704,0.8045454545454546,220.0,0.7603686635944701,0.7710280373831776,0.75,220.0,0.03872840186828386,0.022693935710992763,0.054545454545454564
rf_01,300,sqrt,1,balanced,Spring barley,0.8366890380313199,0.827433628318584,0.8461538461538461,221.0,0.7669491525423728,0.7211155378486056,0.8190045248868778,221.0,0.06973988548894705,0.10631809046997842,0.02714932126696834
rf_01,300,sqrt,1,balanced,Beet (sugar beet / fodder beet),0.8310502283105022,0.8465116279069768,0.8161434977578476,223.0,0.7710280373831776,0.8048780487804879,0.7399103139013453,223.0,0.06002219092732464,0.04163357912648891,0.07623318385650224
rf_01,300,sqrt,1,balanced,Maize,0.6948775055679287,0.6724137931034483,0.7188940092165899,217.0,0.622680412371134,0.5634328358208955,0.695852534562212,217.0,0.07219709319679468,0.10898095728255275,0.02304147465437789
rf_01,300,sqrt,1,balanced,Oilseed rape,0.8995215311004785,0.8909952606635071,0.9082125603864735,207.0,0.8159203980099502,0.841025641025641,0.7922705314009661,207.0,0.0836011330905283,0.04996961963786606,0.11594202898550732
rf_01,300,sqrt,1,balanced,Potatoes,0.7894736842105263,0.8048780487804879,0.7746478873239436,213.0,0.678391959798995,0.7297297297297297,0.6338028169014085,213.0,0.1110817244115313,0.07514831905075814,0.14084507042253513
rf_01,300,sqrt,1,balanced,Pulses / field beans and peas,0.6744186046511628,0.6651376146788991,0.6839622641509434,212.0,0.5087281795511222,0.5396825396825397,0.4811320754716981,212.0,0.16569042510004062,0.12545507499635944,0.2028301886792453
rf_02,300,sqrt,1,balanced_subsample,Winter wheat,0.8019559902200489,0.8241206030150754,0.780952380952381,210.0,0.7440758293838863,0.7405660377358491,0.7476190476190476,210.0,0.05788016083616265,0.08355456527922633,0.033333333333333326
rf_02,300,sqrt,1,balanced_subsample,Winter barley,0.7926267281105991,0.8037383177570093,0.7818181818181819,220.0,0.7545454545454545,0.7545454545454545,0.7545454545454545,220.0,0.03808127356514457,0.049192863211554805,0.027272727272727337
rf_02,300,sqrt,1,balanced_subsample,Spring barley,0.8482142857142857,0.8370044052863436,0.8597285067873304,221.0,0.7623126338329764,0.7235772357723578,0.8054298642533937,221.0,0.08590165188130927,0.11342716951398579,0.05429864253393668
rf_02,300,sqrt,1,balanced_subsample,Beet (sugar beet / fodder beet),0.8237986270022883,0.8411214953271028,0.8071748878923767,223.0,0.7677725118483413,0.8140703517587939,0.726457399103139,223.0,0.056026115153947065,0.027051143568308844,0.08071748878923768
rf_02,300,sqrt,1,balanced_subsample,Maize,0.6981981981981982,0.6828193832599119,0.7142857142857143,217.0,0.6205450733752621,0.5692307692307692,0.6820276497695853,217.0,0.07765312482293607,0.11358861402914266,0.032258064516129004
rf_02,300,sqrt,1,balanced_subsample,Oilseed rape,0.8968824940047961,0.8904761904761904,0.9033816425120773,207.0,0.8157248157248157,0.83,0.8019323671497585,207.0,0.08115767827998044,0.06047619047619046,0.10144927536231885
rf_02,300,sqrt,1,balanced_subsample,Potatoes,0.7817745803357314,0.7990196078431373,0.7652582159624414,213.0,0.6932668329177057,0.7393617021276596,0.6525821596244131,213.0,0.0885077474180257,0.05965790571547769,0.11267605633802824
rf_02,300,sqrt,1,balanced_subsample,Pulses / field beans and peas,0.6727272727272727,0.6491228070175439,0.6981132075471698,212.0,0.5219512195121951,0.5404040404040404,0.5047169811320755,212.0,0.1507760532150776,0.10871876661350344,0.19339622641509424
rf_03,300,sqrt,3,balanced,Winter wheat,0.8029556650246306,0.8316326530612245,0.7761904761904762,210.0,0.7370892018779343,0.7268518518518519,0.7476190476190476,210.0,0.06586646314669631,0.10478080120937261,0.02857142857142858
rf_03,300,sqrt,3,balanced,Winter barley,0.7954022988505747,0.8046511627906977,0.7863636363636364,220.0,0.7437641723356009,0.7420814479638009,0.7454545454545455,220.0,0.05163812651497379,0.06256971482689677,0.040909090909090895
rf_03,300,sqrt,3,balanced,Spring barley,0.8404494382022472,0.8348214285714286,0.8461538461538461,221.0,0.760914760914761,0.7038461538461539,0.8280542986425339,221.0,0.0795346772874862,0.1309752747252747,0.018099547511312264
rf_03,300,sqrt,3,balanced,Beet (sugar beet / fodder beet),0.8181818181818182,0.8294930875576036,0.8071748878923767,223.0,0.7743467933491687,0.8232323232323232,0.7309417040358744,223.0,0.04383502483264956,0.0062607643252804435,0.07623318385650224
rf_03,300,sqrt,3,balanced,Maize,0.6893424036281179,0.6785714285714286,0.7004608294930875,217.0,0.6206896551724138,0.582995951417004,0.663594470046083,217.0,0.06865274845570413,0.0955754771544246,0.03686635944700456
rf_03,300,sqrt,3,balanced,Oilseed rape,0.8920863309352518,0.8857142857142857,0.8985507246376812,207.0,0.8188585607940446,0.8418367346938775,0.7971014492753623,207.0,0.07322777014120718,0.043877551020408134,0.10144927536231885
rf_03,300,sqrt,3,balanced,Potatoes,0.7761904761904762,0.7874396135265701,0.7652582159624414,213.0,0.6847290640394089,0.7202072538860104,0.6525821596244131,213.0,0.09146141215106729,0.06723235964055974,0.11267605633802824
rf_03,300,sqrt,3,balanced,Pulses / field beans and peas,0.6515837104072398,0.6260869565217392,0.6792452830188679,212.0,0.5148514851485149,0.5416666666666666,0.49056603773584906,212.0,0.13673222525872497,0.08442028985507255,0.18867924528301883
rf_04,300,sqrt,3,balanced_subsample,Winter wheat,0.7990196078431373,0.8232323232323232,0.7761904761904762,210.0,0.7353629976580797,0.7235023041474654,0.7476190476190476,210.0,0.06365661018505764,0.09973001908485779,0.02857142857142858
rf_04,300,sqrt,3,balanced_subsample,Winter barley,0.7963386727688787,0.8018433179723502,0.7909090909090909,220.0,0.7387387387387387,0.7321428571428571,0.7454545454545455,220.0,0.057599934030139965,0.0697004608294931,0.045454545454545414
rf_04,300,sqrt,3,balanced_subsample,Spring barley,0.852017937219731,0.8444444444444444,0.8597285067873304,221.0,0.7526427061310782,0.7063492063492064,0.8054298642533937,221.0,0.09937523108865276,0.13809523809523805,0.05429864253393668
rf_04,300,sqrt,3,balanced_subsample,Beet (sugar beet / fodder beet),0.8190045248868778,0.8264840182648402,0.8116591928251121,223.0,0.7688679245283019,0.8109452736318408,0.7309417040358744,223.0,0.05013660035857592,0.015538744632999424,0.08071748878923768
rf_04,300,sqrt,3,balanced_subsample,Maize,0.6894977168949772,0.6832579185520362,0.695852534562212,217.0,0.6108786610878661,0.5593869731800766,0.6728110599078341,217.0,0.07861905580711104,0.12387094537195964,0.02304147465437789
rf_04,300,sqrt,3,balanced_subsample,Oilseed rape,0.8920863309352518,0.8857142857142857,0.8985507246376812,207.0,0.8170426065162907,0.8489583333333334,0.7874396135265701,207.0,0.07504372441896112,0.036755952380952306,0.11111111111111105
rf_04,300,sqrt,3,balanced_subsample,Potatoes,0.7817745803357314,0.7990196078431373,0.7652582159624414,213.0,0.6886075949367089,0.7472527472527473,0.6384976525821596,213.0,0.09316698539902257,0.05176686059039004,0.12676056338028174
rf_04,300,sqrt,3,balanced_subsample,Pulses / field beans and peas,0.6621315192743764,0.6375545851528385,0.6886792452830188,212.0,0.5320197044334976,0.5567010309278351,0.5094339622641509,212.0,0.13011181484087886,0.0808535542250034,0.17924528301886788
rf_05,300,sqrt,5,balanced,Winter wheat,0.7950617283950617,0.8256410256410256,0.7666666666666667,210.0,0.7365967365967366,0.7214611872146118,0.7523809523809524,210.0,0.058464991798325094,0.10417983842641376,0.014285714285714346
rf_05,300,sqrt,5,balanced,Winter barley,0.7855530474040632,0.7802690582959642,0.7909090909090909,220.0,0.7442922374429224,0.7477064220183486,0.740909090909091,220.0,0.04126080996114079,0.032562636277615575,0.04999999999999993
rf_05,300,sqrt,5,balanced,Spring barley,0.8409090909090909,0.8447488584474886,0.8371040723981901,221.0,0.7530864197530864,0.690566037735849,0.8280542986425339,221.0,0.0878226711560045,0.15418282071163958,0.009049773755656187
rf_05,300,sqrt,5,balanced,Beet (sugar beet / fodder beet),0.8306997742663657,0.8363636363636363,0.8251121076233184,223.0,0.7673860911270983,0.8247422680412371,0.7174887892376681,223.0,0.06331368313926733,0.01162136832239924,0.10762331838565031
rf_05,300,sqrt,5,balanced,Maize,0.6802721088435374,0.6696428571428571,0.6912442396313364,217.0,0.6169772256728778,0.5601503759398496,0.6866359447004609,217.0,0.06329488317065957,0.10949248120300747,0.004608294930875556
rf_05,300,sqrt,5,balanced,Oilseed rape,0.8952380952380953,0.8826291079812206,0.9082125603864735,207.0,0.8170426065162907,0.8489583333333334,0.7874396135265701,207.0,0.0781954887218046,0.03367077464788726,0.12077294685990336
rf_05,300,sqrt,5,balanced,Potatoes,0.784503631961259,0.81,0.7605633802816901,213.0,0.685,0.732620320855615,0.6431924882629108,213.0,0.099503631961259,0.07737967914438504,0.11737089201877937
rf_05,300,sqrt,5,balanced,Pulses / field beans and peas,0.6621315192743764,0.6375545851528385,0.6886792452830188,212.0,0.49238578680203043,0.532967032967033,0.45754716981132076,212.0,0.16974573247234598,0.10458755218580551,0.23113207547169806
rf_06,300,sqrt,5,balanced_subsample,Winter wheat,0.800982800982801,0.8274111675126904,0.7761904761904762,210.0,0.7373271889400922,0.7142857142857143,0.7619047619047619,210.0,0.06365561204270875,0.11312545322697609,0.014285714285714346
rf_06,300,sqrt,5,balanced_subsample,Winter barley,0.7835990888382688,0.7853881278538812,0.7818181818181819,220.0,0.7402298850574712,0.7488372093023256,0.7318181818181818,220.0,0.04336920378079756,0.03655091855155568,0.050000000000000044
rf_06,300,sqrt,5,balanced_subsample,Spring barley,0.8423423423423423,0.8385650224215246,0.8461538461538461,221.0,0.7583333333333333,0.7027027027027027,0.8235294117647058,221.0,0.08400900900900898,0.1358623197188219,0.022624434389140302
rf_06,300,sqrt,5,balanced_subsample,Beet (sugar beet / fodder beet),0.832183908045977,0.8537735849056604,0.8116591928251121,223.0,0.7725118483412322,0.8190954773869347,0.7309417040358744,223.0,0.05967205970474476,0.03467810751872569,0.08071748878923768
rf_06,300,sqrt,5,balanced_subsample,Maize,0.6921348314606741,0.6754385964912281,0.7096774193548387,217.0,0.6173361522198731,0.5703125,0.6728110599078341,217.0,0.07479867924080097,0.10512609649122806,0.03686635944700467
rf_06,300,sqrt,5,balanced_subsample,Oilseed rape,0.8947368421052632,0.8862559241706162,0.9033816425120773,207.0,0.8188585607940446,0.8418367346938775,0.7971014492753623,207.0,0.07587828131121854,0.04441918947673862,0.106280193236715
rf_06,300,sqrt,5,balanced_subsample,Potatoes,0.780952380952381,0.7922705314009661,0.7699530516431925,213.0,0.6882793017456359,0.7340425531914894,0.647887323943662,213.0,0.09267307920674506,0.05822797820947678,0.1220657276995305
rf_06,300,sqrt,5,balanced_subsample,Pulses / field beans and peas,0.6438356164383562,0.6238938053097345,0.6650943396226415,212.0,0.5125628140703518,0.5483870967741935,0.4811320754716981,212.0,0.13127280236800443,0.07550670853554098,0.1839622641509434
rf_07,300,log2,1,balanced,Winter wheat,0.7970660146699267,0.8190954773869347,0.7761904761904762,210.0,0.7429906542056075,0.7293577981651376,0.7571428571428571,210.0,0.054075360464319155,0.0897376792217971,0.01904761904761909
rf_07,300,log2,1,balanced,Winter barley,0.7862068965517242,0.7953488372093023,0.7772727272727272,220.0,0.75,0.7641509433962265,0.7363636363636363,220.0,0.036206896551724155,0.031197893813075805,0.040909090909090895
rf_07,300,log2,1,balanced,Spring barley,0.8295964125560538,0.8222222222222222,0.8371040723981901,221.0,0.7584745762711864,0.7131474103585658,0.8099547511312217,221.0,0.07112183628486735,0.10907481186365642,0.02714932126696834
rf_07,300,log2,1,balanced,Beet (sugar beet / fodder beet),0.8243243243243243,0.8280542986425339,0.820627802690583,223.0,0.7757009345794392,0.8097560975609757,0.7443946188340808,223.0,0.048623389744885115,0.01829820108155822,0.07623318385650224
rf_07,300,log2,1,balanced,Maize,0.6846846846846847,0.6696035242290749,0.7004608294930875,217.0,0.6252676659528907,0.584,0.6728110599078341,217.0,0.05941701873179395,0.08560352422907491,0.027649769585253448
rf_07,300,log2,1,balanced,Oilseed rape,0.9033816425120773,0.9033816425120773,0.9033816425120773,207.0,0.8220551378446115,0.8541666666666666,0.7922705314009661,207.0,0.08132650466746583,0.04921497584541068,0.11111111111111116
rf_07,300,log2,1,balanced,Potatoes,0.7883211678832117,0.8181818181818182,0.7605633802816901,213.0,0.6700251889168766,0.7228260869565217,0.6244131455399061,213.0,0.11829597896633515,0.0953557312252965,0.136150234741784
rf_07,300,log2,1,balanced,Pulses / field beans and peas,0.6636568848758465,0.6363636363636364,0.6933962264150944,212.0,0.5390070921985816,0.5402843601895735,0.5377358490566038,212.0,0.12464979267726495,0.09607927617406287,0.1556603773584906
rf_08,300,log2,1,balanced_subsample,Winter wheat,0.794044665012407,0.8290155440414507,0.7619047619047619,210.0,0.7488372093023256,0.7318181818181818,0.7666666666666667,210.0,0.045207455710081446,0.09719736222326891,-0.004761904761904856
rf_08,300,log2,1,balanced_subsample,Winter barley,0.7755102040816326,0.7737556561085973,0.7772727272727272,220.0,0.7614678899082569,0.7685185185185185,0.7545454545454545,220.0,0.014042314173375758,0.005237137590078822,0.022727272727272707
rf_08,300,log2,1,balanced_subsample,Spring barley,0.8355555555555556,0.8209606986899564,0.8506787330316742,221.0,0.7574468085106383,0.714859437751004,0.8054298642533937,221.0,0.07810874704491733,0.10610126093895234,0.04524886877828049
rf_08,300,log2,1,balanced_subsample,Beet (sugar beet / fodder beet),0.8269662921348314,0.8288288288288288,0.8251121076233184,223.0,0.7681498829039812,0.803921568627451,0.7354260089686099,223.0,0.058816409230850186,0.02490726020137779,0.08968609865470856
rf_08,300,log2,1,balanced_subsample,Maize,0.708803611738149,0.6946902654867256,0.7235023041474654,217.0,0.6223175965665236,0.5823293172690763,0.6682027649769585,217.0,0.08648601517162535,0.1123609482176493,0.055299539170506895
rf_08,300,log2,1,balanced_subsample,Oilseed rape,0.8995215311004785,0.8909952606635071,0.9082125603864735,207.0,0.8140703517587939,0.8481675392670157,0.782608695652174,207.0,0.08545117934168456,0.04282772139649138,0.12560386473429952
rf_08,300,log2,1,balanced_subsample,Potatoes,0.7903614457831325,0.8118811881188119,0.7699530516431925,213.0,0.6915422885572139,0.7354497354497355,0.6525821596244131,213.0,0.09881915722591861,0.07643145266907647,0.11737089201877937
rf_08,300,log2,1,balanced_subsample,Pulses / field beans and peas,0.654292343387471,0.6438356164383562,0.6650943396226415,212.0,0.5467625899280576,0.5560975609756098,0.5377358490566038,212.0,0.1075297534594134,0.08773805546274638,0.12735849056603776
rf_09,300,log2,3,balanced,Winter wheat,0.7921760391198044,0.8140703517587939,0.7714285714285715,210.0,0.7259953161592506,0.7142857142857143,0.7380952380952381,210.0,0.06618072296055377,0.09978463747307964,0.033333333333333326
rf_09,300,log2,3,balanced,Winter barley,0.7844036697247706,0.7916666666666666,0.7772727272727272,220.0,0.7289293849658315,0.730593607305936,0.7272727272727273,220.0,0.05547428475893912,0.0610730593607306,0.04999999999999993
rf_09,300,log2,3,balanced,Spring barley,0.8423423423423423,0.8385650224215246,0.8461538461538461,221.0,0.7653276955602537,0.7182539682539683,0.8190045248868778,221.0,0.07701464678208858,0.12031105416755639,0.02714932126696834
rf_09,300,log2,3,balanced,Beet (sugar beet / fodder beet),0.8246013667425968,0.8379629629629629,0.8116591928251121,223.0,0.7710280373831776,0.8048780487804879,0.7399103139013453,223.0,0.053573329359419164,0.033084914182475056,0.0717488789237668
rf_09,300,log2,3,balanced,Maize,0.6801801801801802,0.6651982378854625,0.695852534562212,217.0,0.6140724946695096,0.5714285714285714,0.663594470046083,217.0,0.06610768551067059,0.09376966645689111,0.032258064516129004
rf_09,300,log2,3,balanced,Oilseed rape,0.8926014319809069,0.8820754716981132,0.9033816425120773,207.0,0.7950617283950617,0.8131313131313131,0.7777777777777778,207.0,0.09753970358584518,0.06894415856680003,0.12560386473429952
rf_09,300,log2,3,balanced,Potatoes,0.7836538461538461,0.8029556650246306,0.7652582159624414,213.0,0.681704260651629,0.7311827956989247,0.6384976525821596,213.0,0.10194958550221711,0.07177286932570581,0.12676056338028174
rf_09,300,log2,3,balanced,Pulses / field beans and peas,0.6651480637813212,0.6431718061674009,0.6886792452830188,212.0,0.5172413793103449,0.5412371134020618,0.49528301886792453,212.0,0.14790668447097632,0.10193469276533906,0.1933962264150943
rf_10,300,log2,3,balanced_subsample,Winter wheat,0.8077858880778589,0.8258706467661692,0.7904761904761904,210.0,0.7319347319347319,0.7168949771689498,0.7476190476190476,210.0,0.07585115614312699,0.10897566959721938,0.042857142857142816
rf_10,300,log2,3,balanced_subsample,Winter barley,0.7972350230414746,0.8084112149532711,0.7863636363636364,220.0,0.7310344827586207,0.7395348837209302,0.7227272727272728,220.0,0.06620054028285394,0.06887633123234083,0.0636363636363636
rf_10,300,log2,3,balanced_subsample,Spring barley,0.8385650224215246,0.8311111111111111,0.8461538461538461,221.0,0.7605042016806722,0.7098039215686275,0.8190045248868778,221.0,0.07806082074085241,0.12130718954248365,0.02714932126696834
rf_10,300,log2,3,balanced_subsample,Beet (sugar beet / fodder beet),0.8264840182648402,0.8418604651162791,0.8116591928251121,223.0,0.7681498829039812,0.803921568627451,0.7354260089686099,223.0,0.05833413536085896,0.03793889648882809,0.07623318385650224
rf_10,300,log2,3,balanced_subsample,Maize,0.6863636363636364,0.6771300448430493,0.695852534562212,217.0,0.6242038216560509,0.5787401574803149,0.6774193548387096,217.0,0.06215981470758547,0.09838988736273435,0.018433179723502335
rf_10,300,log2,3,balanced_subsample,Oilseed rape,0.8968824940047961,0.8904761904761904,0.9033816425120773,207.0,0.8109452736318408,0.8358974358974359,0.7874396135265701,207.0,0.08593722037295537,0.054578754578754496,0.1159420289855072
rf_10,300,log2,3,balanced_subsample,Potatoes,0.7942583732057417,0.8097560975609757,0.7793427230046949,213.0,0.6766169154228856,0.7195767195767195,0.6384976525821596,213.0,0.11764145778285606,0.09017937798425613,0.14084507042253525
rf_10,300,log2,3,balanced_subsample,Pulses / field beans and peas,0.669683257918552,0.6434782608695652,0.6981132075471698,212.0,0.504950495049505,0.53125,0.4811320754716981,212.0,0.16473276286904703,0.11222826086956517,0.21698113207547165
rf_11,300,log2,5,balanced,Winter wheat,0.8048780487804879,0.825,0.7857142857142857,210.0,0.728538283062645,0.7104072398190046,0.7476190476190476,210.0,0.07633976571784284,0.1145927601809954,0.03809523809523807
rf_11,300,log2,5,balanced,Winter barley,0.7917620137299771,0.7972350230414746,0.7863636363636364,220.0,0.7346938775510204,0.7330316742081447,0.7363636363636363,220.0,0.057068136178956674,0.0642033488333299,0.050000000000000044
rf_11,300,log2,5,balanced,Spring barley,0.8435374149659864,0.8454545454545455,0.8416289592760181,221.0,0.7610993657505285,0.7142857142857143,0.8144796380090498,221.0,0.08243804921545794,0.13116883116883116,0.02714932126696834
rf_11,300,log2,5,balanced,Beet (sugar beet / fodder beet),0.8318181818181818,0.8433179723502304,0.820627802690583,223.0,0.7594339622641509,0.8009950248756219,0.7219730941704036,223.0,0.07238421955403085,0.04232294747460852,0.09865470852017943
rf_11,300,log2,5,balanced,Maize,0.6894977168949772,0.6832579185520362,0.695852534562212,217.0,0.6231578947368421,0.5736434108527132,0.6820276497695853,217.0,0.06633982215813505,0.10961450769932302,0.013824884792626668
rf_11,300,log2,5,balanced,Oilseed rape,0.8926014319809069,0.8820754716981132,0.9033816425120773,207.0,0.8181818181818182,0.8571428571428571,0.782608695652174,207.0,0.07441961379908868,0.024932614555256083,0.12077294685990336
rf_11,300,log2,5,balanced,Potatoes,0.7788461538461539,0.7980295566502463,0.7605633802816901,213.0,0.6799007444168734,0.7210526315789474,0.6431924882629108,213.0,0.09894540942928043,0.07697692507129894,0.11737089201877937
rf_11,300,log2,5,balanced,Pulses / field beans and peas,0.651685393258427,0.6223175965665236,0.6839622641509434,212.0,0.5161290322580645,0.5445026178010471,0.49056603773584906,212.0,0.1355563610003625,0.0778149787654765,0.19339622641509435
rf_12,300,log2,5,balanced_subsample,Winter wheat,0.8,0.8307692307692308,0.7714285714285715,210.0,0.7351598173515982,0.706140350877193,0.7666666666666667,210.0,0.06484018264840186,0.12462887989203786,0.004761904761904745
rf_12,300,log2,5,balanced_subsample,Winter barley,0.7835990888382688,0.7853881278538812,0.7818181818181819,220.0,0.7344110854503464,0.7464788732394366,0.7227272727272728,220.0,0.0491880033879224,0.03890925461444461,0.05909090909090908
rf_12,300,log2,5,balanced_subsample,Spring barley,0.8366890380313199,0.827433628318584,0.8461538461538461,221.0,0.7567567567567568,0.7,0.8235294117647058,221.0,0.07993228127456309,0.12743362831858407,0.022624434389140302
rf_12,300,log2,5,balanced_subsample,Beet (sugar beet / fodder beet),0.8272727272727273,0.8387096774193549,0.8161434977578476,223.0,0.7630331753554502,0.8090452261306532,0.7219730941704036,223.0,0.06423955191727704,0.029664451288701654,0.094170403587444
rf_12,300,log2,5,balanced_subsample,Maize,0.6863636363636364,0.6771300448430493,0.695852534562212,217.0,0.6050420168067226,0.555984555984556,0.663594470046083,217.0,0.08132161955691375,0.1211454888584933,0.032258064516129004
rf_12,300,log2,5,balanced_subsample,Oilseed rape,0.8952380952380953,0.8826291079812206,0.9082125603864735,207.0,0.8131313131313131,0.8518518518518519,0.7777777777777778,207.0,0.08210678210678213,0.03077725612936877,0.13043478260869568
rf_12,300,log2,5,balanced_subsample,Potatoes,0.7884615384615384,0.8078817733990148,0.7699530516431925,213.0,0.6766917293233082,0.7258064516129032,0.6338028169014085,213.0,0.1117698091382302,0.08207532178611154,0.136150234741784
rf_12,300,log2,5,balanced_subsample,Pulses / field beans and peas,0.6605922551252847,0.6387665198237885,0.6839622641509434,212.0,0.48877805486284287,0.5185185185185185,0.46226415094339623,212.0,0.17181420026244187,0.12024800130527002,0.22169811320754718
rf_13,500,sqrt,1,balanced,Winter wheat,0.8108108108108109,0.8375634517766497,0.7857142857142857,210.0,0.7429906542056075,0.7293577981651376,0.7571428571428571,210.0,0.06782015660520335,0.10820565361151213,0.02857142857142858
rf_13,500,sqrt,1,balanced,Winter barley,0.7963386727688787,0.8018433179723502,0.7909090909090909,220.0,0.7522935779816514,0.7592592592592593,0.7454545454545455,220.0,0.04404509478722729,0.0425840587130909,0.045454545454545414
rf_13,500,sqrt,1,balanced,Spring barley,0.8392857142857143,0.8281938325991189,0.8506787330316742,221.0,0.7682403433476395,0.7306122448979592,0.8099547511312217,221.0,0.07104537093807484,0.09758158770115977,0.040723981900452455
rf_13,500,sqrt,1,balanced,Beet (sugar beet / fodder beet),0.8235294117647058,0.8310502283105022,0.8161434977578476,223.0,0.7793427230046949,0.8177339901477833,0.7443946188340808,223.0,0.04418668876001097,0.013316238162718985,0.0717488789237668
rf_13,500,sqrt,1,balanced,Maize,0.697986577181208,0.6782608695652174,0.7188940092165899,217.0,0.6307053941908713,0.5735849056603773,0.7004608294930875,217.0,0.0672811829903367,0.10467596390484002,0.018433179723502335
rf_13,500,sqrt,1,balanced,Oilseed rape,0.9021479713603818,0.8915094339622641,0.9130434782608695,207.0,0.815,0.844559585492228,0.7874396135265701,207.0,0.08714797136038188,0.04694984847003614,0.1256038647342994
rf_13,500,sqrt,1,balanced,Potatoes,0.782608695652174,0.8059701492537313,0.7605633802816901,213.0,0.6934673366834171,0.745945945945946,0.647887323943662,213.0,0.08914135896875686,0.06002420330778535,0.11267605633802813
rf_13,500,sqrt,1,balanced,Pulses / field beans and peas,0.6620370370370371,0.65,0.6745283018867925,212.0,0.526829268292683,0.5454545454545454,0.5094339622641509,212.0,0.13520776874435414,0.10454545454545461,0.16509433962264153
rf_14,500,sqrt,1,balanced_subsample,Winter wheat,0.8077858880778589,0.8258706467661692,0.7904761904761904,210.0,0.7482352941176471,0.7395348837209302,0.7571428571428571,210.0,0.059550593960211784,0.08633576304523893,0.033333333333333326
rf_14,500,sqrt,1,balanced_subsample,Winter barley,0.7871853546910755,0.7926267281105991,0.7818181818181819,220.0,0.7636363636363637,0.7636363636363637,0.7636363636363637,220.0,0.023548991054711865,0.02899036447423542,0.018181818181818188
rf_14,500,sqrt,1,balanced_subsample,Spring barley,0.8482142857142857,0.8370044052863436,0.8597285067873304,221.0,0.7811158798283262,0.7428571428571429,0.8235294117647058,221.0,0.0670984058859595,0.09414726242920068,0.03619909502262453
rf_14,500,sqrt,1,balanced_subsample,Beet (sugar beet / fodder beet),0.8291571753986332,0.8425925925925926,0.8161434977578476,223.0,0.7706855791962175,0.815,0.7309417040358744,223.0,0.05847159620241571,0.027592592592592613,0.08520179372197312
rf_14,500,sqrt,1,balanced_subsample,Maize,0.7058823529411765,0.6933333333333334,0.7188940092165899,217.0,0.6189473684210526,0.5697674418604651,0.6774193548387096,217.0,0.08693498452012394,0.12356589147286823,0.04147465437788023
rf_14,500,sqrt,1,balanced_subsample,Oilseed rape,0.9016786570743405,0.8952380952380953,0.9082125603864735,207.0,0.8208955223880597,0.8461538461538461,0.7971014492753623,207.0,0.08078313468628073,0.04908424908424913,0.11111111111111116
rf_14,500,sqrt,1,balanced_subsample,Potatoes,0.7894736842105263,0.8048780487804879,0.7746478873239436,213.0,0.6997518610421837,0.7421052631578947,0.6619718309859155,213.0,0.08972182316834265,0.06277278562259314,0.11267605633802813
rf_14,500,sqrt,1,balanced_subsample,Pulses / field beans and peas,0.663594470046083,0.6486486486486487,0.6792452830188679,212.0,0.5339805825242718,0.55,0.5188679245283019,212.0,0.12961388752181113,0.09864864864864864,0.160377358490566
rf_15,500,sqrt,3,balanced,Winter wheat,0.8088235294117647,0.8333333333333334,0.7857142857142857,210.0,0.7417840375586855,0.7314814814814815,0.7523809523809524,210.0,0.06703949185307922,0.10185185185185186,0.033333333333333326
rf_15,500,sqrt,3,balanced,Winter barley,0.7945205479452054,0.7981651376146789,0.7909090909090909,220.0,0.7454545454545455,0.7454545454545455,0.7454545454545455,220.0,0.049066002490659955,0.05271059216013341,0.045454545454545414
rf_15,500,sqrt,3,balanced,Spring barley,0.8397291196388262,0.8378378378378378,0.8416289592760181,221.0,0.7647058823529411,0.7137254901960784,0.8235294117647058,221.0,0.07502323728588511,0.12411234764175938,0.018099547511312264
rf_15,500,sqrt,3,balanced,Beet (sugar beet / fodder beet),0.8264840182648402,0.8418604651162791,0.8116591928251121,223.0,0.7699530516431925,0.8078817733990148,0.7354260089686099,223.0,0.056530966621647694,0.03397869171726431,0.07623318385650224
rf_15,500,sqrt,3,balanced,Maize,0.6819221967963387,0.6772727272727272,0.6866359447004609,217.0,0.6228813559322034,0.5764705882352941,0.6774193548387096,217.0,0.0590408408641353,0.10080213903743318,0.009216589861751223
rf_15,500,sqrt,3,balanced,Oilseed rape,0.8973747016706444,0.8867924528301887,0.9082125603864735,207.0,0.81,0.8393782383419689,0.782608695652174,207.0,0.08737470167064432,0.04741421448821981,0.12560386473429952
rf_15,500,sqrt,3,balanced,Potatoes,0.7848699763593381,0.7904761904761904,0.7793427230046949,213.0,0.6898263027295285,0.7315789473684211,0.6525821596244131,213.0,0.09504367362980959,0.05889724310776934,0.12676056338028174
rf_15,500,sqrt,3,balanced,Pulses / field beans and peas,0.6545454545454545,0.631578947368421,0.6792452830188679,212.0,0.511166253101737,0.5392670157068062,0.4858490566037736,212.0,0.14337920144371752,0.09231193166161478,0.1933962264150943
rf_16,500,sqrt,3,balanced_subsample,Winter wheat,0.803921568627451,0.8282828282828283,0.780952380952381,210.0,0.7348837209302326,0.7181818181818181,0.7523809523809524,210.0,0.06903784769721844,0.11010101010101014,0.02857142857142858
rf_16,500,sqrt,3,balanced_subsample,Winter barley,0.7899543378995434,0.7935779816513762,0.7863636363636364,220.0,0.7334851936218679,0.7351598173515982,0.7318181818181818,220.0,0.056469144277675465,0.058418164299777975,0.054545454545454564
rf_16,500,sqrt,3,balanced_subsample,Spring barley,0.8539325842696629,0.8482142857142857,0.8597285067873304,221.0,0.7536842105263157,0.7047244094488189,0.8099547511312217,221.0,0.10024837374334716,0.14348987626546683,0.04977375565610864
rf_16,500,sqrt,3,balanced_subsample,Beet (sugar beet / fodder beet),0.8181818181818182,0.8294930875576036,0.8071748878923767,223.0,0.7735849056603774,0.8159203980099502,0.7354260089686099,223.0,0.044596912521440824,0.01357268954765345,0.0717488789237668
rf_16,500,sqrt,3,balanced_subsample,Maize,0.6863636363636364,0.6771300448430493,0.695852534562212,217.0,0.6221294363256785,0.5687022900763359,0.6866359447004609,217.0,0.06423420003795788,0.1084277547667134,0.009216589861751112
rf_16,500,sqrt,3,balanced_subsample,Oilseed rape,0.8952380952380953,0.8826291079812206,0.9082125603864735,207.0,0.8079800498753117,0.8350515463917526,0.782608695652174,207.0,0.08725804536278359,0.04757756158946802,0.12560386473429952
rf_16,500,sqrt,3,balanced_subsample,Potatoes,0.7848699763593381,0.7904761904761904,0.7793427230046949,213.0,0.6984924623115578,0.7513513513513513,0.6525821596244131,213.0,0.08637751404778027,0.039124839124839106,0.12676056338028174
rf_16,500,sqrt,3,balanced_subsample,Pulses / field beans and peas,0.6620370370370371,0.65,0.6745283018867925,212.0,0.515,0.5478723404255319,0.4858490566037736,212.0,0.14703703703703708,0.10212765957446812,0.18867924528301888
rf_17,500,sqrt,5,balanced,Winter wheat,0.8019559902200489,0.8241206030150754,0.780952380952381,210.0,0.7378190255220418,0.7194570135746606,0.7571428571428571,210.0,0.06413696469800712,0.10466358944041476,0.023809523809523836
rf_17,500,sqrt,5,balanced,Winter barley,0.7873303167420814,0.7837837837837838,0.7909090909090909,220.0,0.7442922374429224,0.7477064220183486,0.740909090909091,220.0,0.04303807929915904,0.03607736176543519,0.04999999999999993
rf_17,500,sqrt,5,balanced,Spring barley,0.8409090909090909,0.8447488584474886,0.8371040723981901,221.0,0.7484407484407485,0.6923076923076923,0.8144796380090498,221.0,0.09246834246834246,0.1524411661397963,0.022624434389140302
rf_17,500,sqrt,5,balanced,Beet (sugar beet / fodder beet),0.8272727272727273,0.8387096774193549,0.8161434977578476,223.0,0.7725118483412322,0.8190954773869347,0.7309417040358744,223.0,0.05476087893149506,0.019614200032420204,0.08520179372197312
rf_17,500,sqrt,5,balanced,Maize,0.6742081447963801,0.6622222222222223,0.6866359447004609,217.0,0.6115702479338843,0.5543071161048689,0.6820276497695853,217.0,0.06263789686249588,0.10791510611735333,0.004608294930875556
rf_17,500,sqrt,5,balanced,Oilseed rape,0.9,0.8873239436619719,0.9130434782608695,207.0,0.805,0.8341968911917098,0.7777777777777778,207.0,0.09499999999999997,0.05312705247026206,0.13526570048309172
rf_17,500,sqrt,5,balanced,Potatoes,0.7828162291169452,0.7961165048543689,0.7699530516431925,213.0,0.690176322418136,0.7445652173913043,0.6431924882629108,213.0,0.09263990669880917,0.05155128746306459,0.12676056338028174
rf_17,500,sqrt,5,balanced,Pulses / field beans and peas,0.6589861751152074,0.6441441441441441,0.6745283018867925,212.0,0.48854961832061067,0.5303867403314917,0.4528301886792453,212.0,0.17043655679459674,0.11375740381265242,0.22169811320754718
rf_18,500,sqrt,5,balanced_subsample,Winter wheat,0.7990196078431373,0.8232323232323232,0.7761904761904762,210.0,0.728110599078341,0.7053571428571429,0.7523809523809524,210.0,0.07090900876479633,0.1178751803751803,0.023809523809523836
rf_18,500,sqrt,5,balanced_subsample,Winter barley,0.7863636363636364,0.7863636363636364,0.7863636363636364,220.0,0.7351598173515982,0.7385321100917431,0.7318181818181818,220.0,0.05120381901203819,0.04783152627189324,0.054545454545454564
rf_18,500,sqrt,5,balanced_subsample,Spring barley,0.8371040723981901,0.8371040723981901,0.8371040723981901,221.0,0.7589098532494759,0.70703125,0.8190045248868778,221.0,0.07819421914871416,0.13007282239819007,0.018099547511312264
rf_18,500,sqrt,5,balanced_subsample,Beet (sugar beet / fodder beet),0.8302752293577982,0.8497652582159625,0.8116591928251121,223.0,0.7688679245283019,0.8109452736318408,0.7309417040358744,223.0,0.0614073048294963,0.038819984584121725,0.08071748878923768
rf_18,500,sqrt,5,balanced_subsample,Maize,0.6832579185520362,0.6711111111111111,0.695852534562212,217.0,0.6176470588235294,0.5675675675675675,0.6774193548387096,217.0,0.06561085972850678,0.10354354354354356,0.018433179723502335
rf_18,500,sqrt,5,balanced_subsample,Oilseed rape,0.8978622327790974,0.883177570093458,0.9130434782608695,207.0,0.8170426065162907,0.8489583333333334,0.7874396135265701,207.0,0.0808196262628067,0.034219236760124616,0.1256038647342994
rf_18,500,sqrt,5,balanced_subsample,Potatoes,0.7884615384615384,0.8078817733990148,0.7699530516431925,213.0,0.6734177215189874,0.7307692307692307,0.6244131455399061,213.0,0.11504381694255106,0.07711254262978406,0.14553990610328638
rf_18,500,sqrt,5,balanced_subsample,Pulses / field beans and peas,0.6530612244897959,0.62882096069869,0.6792452830188679,212.0,0.5062034739454094,0.5340314136125655,0.4811320754716981,212.0,0.14685775054438643,0.09478954708612453,0.19811320754716977
rf_19,500,log2,1,balanced,Winter wheat,0.8088235294117647,0.8333333333333334,0.7857142857142857,210.0,0.7331786542923434,0.7149321266968326,0.7523809523809524,210.0,0.0756448751194213,0.11840120663650078,0.033333333333333326
rf_19,500,log2,1,balanced,Winter barley,0.7908045977011494,0.8,0.7818181818181819,220.0,0.75,0.7641509433962265,0.7363636363636363,220.0,0.040804597701149414,0.03584905660377358,0.045454545454545525
rf_19,500,log2,1,balanced,Spring barley,0.8374164810690423,0.8245614035087719,0.8506787330316742,221.0,0.7600849256900213,0.716,0.8099547511312217,221.0,0.07733155537902103,0.10856140350877197,0.040723981900452455
rf_19,500,log2,1,balanced,Beet (sugar beet / fodder beet),0.8306997742663657,0.8363636363636363,0.8251121076233184,223.0,0.7663551401869159,0.8,0.7354260089686099,223.0,0.06434463407944979,0.036363636363636265,0.08968609865470856
rf_19,500,log2,1,balanced,Maize,0.6816143497757847,0.6637554585152838,0.7004608294930875,217.0,0.6206896551724138,0.582995951417004,0.663594470046083,217.0,0.06092469460337091,0.08075950709827984,0.03686635944700456
rf_19,500,log2,1,balanced,Oilseed rape,0.8995215311004785,0.8909952606635071,0.9082125603864735,207.0,0.8261964735516373,0.8631578947368421,0.7922705314009661,207.0,0.07332505754884122,0.02783736592666497,0.11594202898550732
rf_19,500,log2,1,balanced,Potatoes,0.7922705314009661,0.8159203980099502,0.7699530516431925,213.0,0.6851385390428212,0.7391304347826086,0.6384976525821596,213.0,0.10713199235814497,0.07678996322734155,0.13145539906103287
rf_19,500,log2,1,balanced,Pulses / field beans and peas,0.6558891454965358,0.6425339366515838,0.6698113207547169,212.0,0.5258215962441315,0.5233644859813084,0.5283018867924528,212.0,0.13006754925240427,0.1191694506702754,0.14150943396226412
rf_20,500,log2,1,balanced_subsample,Winter wheat,0.7960687960687961,0.8223350253807107,0.7714285714285715,210.0,0.7523364485981309,0.7385321100917431,0.7666666666666667,210.0,0.043732347470665234,0.08380291528896755,0.004761904761904745
rf_20,500,log2,1,balanced_subsample,Winter barley,0.7737556561085973,0.7702702702702703,0.7772727272727272,220.0,0.7608200455580866,0.7625570776255708,0.759090909090909,220.0,0.012935610550510734,0.007713192644699496,0.018181818181818188
rf_20,500,log2,1,balanced_subsample,Spring barley,0.8355555555555556,0.8209606986899564,0.8506787330316742,221.0,0.767590618336887,0.7258064516129032,0.8144796380090498,221.0,0.06796493721866859,0.09515424707705311,0.03619909502262442
rf_20,500,log2,1,balanced_subsample,Beet (sugar beet / fodder beet),0.8280542986425339,0.8356164383561644,0.820627802690583,223.0,0.7681498829039812,0.803921568627451,0.7354260089686099,223.0,0.05990441573855265,0.03169486972871338,0.08520179372197312
rf_20,500,log2,1,balanced_subsample,Maize,0.700228832951945,0.6954545454545454,0.7050691244239631,217.0,0.6163793103448276,0.5789473684210527,0.6589861751152074,217.0,0.08384952260711742,0.11650717703349278,0.04608294930875567
rf_20,500,log2,1,balanced_subsample,Oilseed rape,0.8973747016706444,0.8867924528301887,0.9082125603864735,207.0,0.8140703517587939,0.8481675392670157,0.782608695652174,207.0,0.08330434991185043,0.03862491356317299,0.12560386473429952
rf_20,500,log2,1,balanced_subsample,Potatoes,0.7980997624703088,0.8076923076923077,0.7887323943661971,213.0,0.684863523573201,0.7263157894736842,0.647887323943662,213.0,0.11323623889710777,0.08137651821862346,0.14084507042253513
rf_20,500,log2,1,balanced_subsample,Pulses / field beans and peas,0.6542056074766355,0.6481481481481481,0.660377358490566,212.0,0.5406698564593302,0.5485436893203883,0.5330188679245284,212.0,0.11353575101730529,0.09960445882775981,0.12735849056603765
rf_21,500,log2,3,balanced,Winter wheat,0.8029197080291971,0.8208955223880597,0.7857142857142857,210.0,0.7447306791569087,0.7327188940092166,0.7571428571428571,210.0,0.058189028872288384,0.0881766283788431,0.02857142857142858
rf_21,500,log2,3,balanced,Winter barley,0.7917620137299771,0.7972350230414746,0.7863636363636364,220.0,0.7385321100917431,0.7453703703703703,0.7318181818181818,220.0,0.05322990363823399,0.051864652671104294,0.054545454545454564
rf_21,500,log2,3,balanced,Spring barley,0.8430493273542601,0.8355555555555556,0.8506787330316742,221.0,0.7563025210084033,0.7058823529411765,0.8144796380090498,221.0,0.08674680634585674,0.1296732026143791,0.03619909502262442
rf_21,500,log2,3,balanced,Beet (sugar beet / fodder beet),0.8272727272727273,0.8387096774193549,0.8161434977578476,223.0,0.7728337236533958,0.8088235294117647,0.7399103139013453,223.0,0.054439003619331516,0.029886148007590152,0.07623318385650224
rf_21,500,log2,3,balanced,Maize,0.6863636363636364,0.6771300448430493,0.695852534562212,217.0,0.610752688172043,0.5725806451612904,0.6543778801843319,217.0,0.07561094819159342,0.10454939968175891,0.041474654377880116
rf_21,500,log2,3,balanced,Oilseed rape,0.8973747016706444,0.8867924528301887,0.9082125603864735,207.0,0.8049382716049382,0.8232323232323232,0.7874396135265701,207.0,0.09243643006570612,0.0635601295978655,0.12077294685990336
rf_21,500,log2,3,balanced,Potatoes,0.7980769230769231,0.8177339901477833,0.7793427230046949,213.0,0.6699751861042184,0.7105263157894737,0.6338028169014085,213.0,0.12810173697270477,0.10720767435830958,0.14553990610328638
rf_21,500,log2,3,balanced,Pulses / field beans and peas,0.6636155606407322,0.6444444444444445,0.6839622641509434,212.0,0.5012285012285013,0.5230769230769231,0.4811320754716981,212.0,0.16238705941223097,0.12136752136752138,0.2028301886792453
rf_22,500,log2,3,balanced_subsample,Winter wheat,0.8077858880778589,0.8258706467661692,0.7904761904761904,210.0,0.7429906542056075,0.7293577981651376,0.7571428571428571,210.0,0.06479523387225139,0.0965128486010316,0.033333333333333326
rf_22,500,log2,3,balanced_subsample,Winter barley,0.7954022988505747,0.8046511627906977,0.7863636363636364,220.0,0.7419354838709677,0.7523364485981309,0.7318181818181818,220.0,0.053466814979606925,0.052314714192566836,0.054545454545454564
rf_22,500,log2,3,balanced_subsample,Spring barley,0.8423423423423423,0.8385650224215246,0.8461538461538461,221.0,0.7631027253668763,0.7109375,0.8235294117647058,221.0,0.079239616975466,0.12762752242152464,0.022624434389140302
rf_22,500,log2,3,balanced_subsample,Beet (sugar beet / fodder beet),0.8283752860411899,0.8457943925233645,0.8116591928251121,223.0,0.7670588235294118,0.806930693069307,0.7309417040358744,223.0,0.061316462511778136,0.03886369945405754,0.08071748878923768
rf_22,500,log2,3,balanced_subsample,Maize,0.6891891891891891,0.6740088105726872,0.7050691244239631,217.0,0.6137339055793991,0.5742971887550201,0.6589861751152074,217.0,0.07545528360979004,0.09971162181766713,0.04608294930875567
rf_22,500,log2,3,balanced_subsample,Oilseed rape,0.9016786570743405,0.8952380952380953,0.9082125603864735,207.0,0.8148148148148148,0.8333333333333334,0.7971014492753623,207.0,0.0868638422595257,0.06190476190476191,0.11111111111111116
rf_22,500,log2,3,balanced_subsample,Potatoes,0.7894736842105263,0.8048780487804879,0.7746478873239436,213.0,0.6831683168316832,0.7225130890052356,0.647887323943662,213.0,0.10630536737884311,0.08236495977525227,0.12676056338028163
rf_22,500,log2,3,balanced_subsample,Pulses / field beans and peas,0.6545454545454545,0.631578947368421,0.6792452830188679,212.0,0.5061425061425061,0.5282051282051282,0.4858490566037736,212.0,0.14840294840294843,0.1033738191632928,0.1933962264150943
rf_23,500,log2,5,balanced,Winter wheat,0.8088235294117647,0.8333333333333334,0.7857142857142857,210.0,0.7361111111111112,0.7162162162162162,0.7571428571428571,210.0,0.07271241830065356,0.11711711711711714,0.02857142857142858
rf_23,500,log2,5,balanced,Winter barley,0.7909090909090909,0.7909090909090909,0.7909090909090909,220.0,0.740909090909091,0.740909090909091,0.740909090909091,220.0,0.04999999999999993,0.04999999999999993,0.04999999999999993
rf_23,500,log2,5,balanced,Spring barley,0.8468468468468469,0.8430493273542601,0.8506787330316742,221.0,0.7515657620041754,0.6976744186046512,0.8144796380090498,221.0,0.0952810848426715,0.1453749087496089,0.03619909502262442
rf_23,500,log2,5,balanced,Beet (sugar beet / fodder beet),0.832579185520362,0.8401826484018264,0.8251121076233184,223.0,0.7576470588235295,0.7970297029702971,0.7219730941704036,223.0,0.07493212669683258,0.043152945431529366,0.10313901345291487
rf_23,500,log2,5,balanced,Maize,0.6926605504587156,0.6894977168949772,0.695852534562212,217.0,0.6160337552742616,0.5680933852140078,0.6728110599078341,217.0,0.07662679518445392,0.12140433168096942,0.02304147465437789
rf_23,500,log2,5,balanced,Oilseed rape,0.8926014319809069,0.8820754716981132,0.9033816425120773,207.0,0.8232323232323232,0.8624338624338624,0.7874396135265701,207.0,0.06936910874858371,0.019641609264250737,0.1159420289855072
rf_23,500,log2,5,balanced,Potatoes,0.784688995215311,0.8,0.7699530516431925,213.0,0.68,0.7272727272727273,0.6384976525821596,213.0,0.10468899521531094,0.07272727272727275,0.13145539906103287
rf_23,500,log2,5,balanced,Pulses / field beans and peas,0.6605922551252847,0.6387665198237885,0.6839622641509434,212.0,0.515,0.5478723404255319,0.4858490566037736,212.0,0.14559225512528473,0.09089417939825661,0.19811320754716982
rf_24,500,log2,5,balanced_subsample,Winter wheat,0.803921568627451,0.8282828282828283,0.780952380952381,210.0,0.7334851936218679,0.7030567685589519,0.7666666666666667,210.0,0.07043637500558309,0.12522605972387635,0.014285714285714235
rf_24,500,log2,5,balanced_subsample,Winter barley,0.7835990888382688,0.7853881278538812,0.7818181818181819,220.0,0.7373271889400922,0.7476635514018691,0.7272727272727273,220.0,0.046271899898176594,0.037724576452012104,0.054545454545454564
rf_24,500,log2,5,balanced_subsample,Spring barley,0.8314606741573034,0.8258928571428571,0.8371040723981901,221.0,0.7605042016806722,0.7098039215686275,0.8190045248868778,221.0,0.07095647247663117,0.11608893557422961,0.018099547511312264
rf_24,500,log2,5,balanced_subsample,Beet (sugar beet / fodder beet),0.8310502283105022,0.8465116279069768,0.8161434977578476,223.0,0.7677725118483413,0.8140703517587939,0.726457399103139,223.0,0.06327771646216096,0.03244127614818282,0.08968609865470856
rf_24,500,log2,5,balanced_subsample,Maize,0.6802721088435374,0.6696428571428571,0.6912442396313364,217.0,0.606694560669456,0.5555555555555556,0.6682027649769585,217.0,0.07357754817408135,0.11408730158730152,0.02304147465437789
rf_24,500,log2,5,balanced_subsample,Oilseed rape,0.8952380952380953,0.8826291079812206,0.9082125603864735,207.0,0.8110831234256927,0.8473684210526315,0.7777777777777778,207.0,0.08415497181240261,0.03526068692858908,0.13043478260869568
rf_24,500,log2,5,balanced_subsample,Potatoes,0.7903614457831325,0.8118811881188119,0.7699530516431925,213.0,0.6733167082294265,0.7180851063829787,0.6338028169014085,213.0,0.11704473755370604,0.0937960817358332,0.136150234741784
rf_24,500,log2,5,balanced_subsample,Pulses / field beans and peas,0.6545454545454545,0.631578947368421,0.6792452830188679,212.0,0.5012531328320802,0.5347593582887701,0.4716981132075472,212.0,0.15329232171337437,0.09681958907965094,0.2075471698113207
rf_25,800,sqrt,1,balanced,Winter wheat,0.8157248157248157,0.8426395939086294,0.7904761904761904,210.0,0.7447306791569087,0.7327188940092166,0.7571428571428571,210.0,0.07099413656790698,0.10992069989941278,0.033333333333333326
rf_25,800,sqrt,1,balanced,Winter barley,0.7917620137299771,0.7972350230414746,0.7863636363636364,220.0,0.7568807339449541,0.7638888888888888,0.75,220.0,0.03488127978502298,0.033346134152585805,0.036363636363636376
rf_25,800,sqrt,1,balanced,Spring barley,0.8392857142857143,0.8281938325991189,0.8506787330316742,221.0,0.7659574468085106,0.7228915662650602,0.8144796380090498,221.0,0.07332826747720367,0.1053022663340587,0.03619909502262442
rf_25,800,sqrt,1,balanced,Beet (sugar beet / fodder beet),0.8280542986425339,0.8356164383561644,0.820627802690583,223.0,0.7706855791962175,0.815,0.7309417040358744,223.0,0.057368719446316385,0.020616438356164446,0.08968609865470856
rf_25,800,sqrt,1,balanced,Maize,0.6984126984126984,0.6875,0.7096774193548387,217.0,0.6304801670146137,0.5763358778625954,0.695852534562212,217.0,0.06793253139808464,0.11116412213740456,0.01382488479262678
rf_25,800,sqrt,1,balanced,Oilseed rape,0.8995215311004785,0.8909952606635071,0.9082125603864735,207.0,0.8089330024813896,0.8316326530612245,0.7874396135265701,207.0,0.09058852861908895,0.059362607602282624,0.12077294685990336
rf_25,800,sqrt,1,balanced,Potatoes,0.7942583732057417,0.8097560975609757,0.7793427230046949,213.0,0.6886075949367089,0.7472527472527473,0.6384976525821596,213.0,0.1056507782690328,0.0625033503082284,0.14084507042253525
rf_25,800,sqrt,1,balanced,Pulses / field beans and peas,0.671264367816092,0.6547085201793722,0.6886792452830188,212.0,0.5230024213075061,0.5373134328358209,0.5094339622641509,212.0,0.14826194650858593,0.11739508734355131,0.17924528301886788
rf_26,800,sqrt,1,balanced_subsample,Winter wheat,0.8048780487804879,0.825,0.7857142857142857,210.0,0.7540983606557377,0.7419354838709677,0.7666666666666667,210.0,0.0507796881247502,0.0830645161290322,0.01904761904761898
rf_26,800,sqrt,1,balanced_subsample,Winter barley,0.7889908256880734,0.7962962962962963,0.7818181818181819,220.0,0.7660550458715596,0.7731481481481481,0.759090909090909,220.0,0.022935779816513846,0.02314814814814814,0.022727272727272818
rf_26,800,sqrt,1,balanced_subsample,Spring barley,0.8430493273542601,0.8355555555555556,0.8506787330316742,221.0,0.7659574468085106,0.7228915662650602,0.8144796380090498,221.0,0.07709188054574945,0.11266398929049537,0.03619909502262442
rf_26,800,sqrt,1,balanced_subsample,Beet (sugar beet / fodder beet),0.8272727272727273,0.8387096774193549,0.8161434977578476,223.0,0.7688679245283019,0.8109452736318408,0.7309417040358744,223.0,0.05840480274442539,0.027764403787514103,0.08520179372197312
rf_26,800,sqrt,1,balanced_subsample,Maize,0.6997742663656885,0.6858407079646017,0.7142857142857143,217.0,0.6176470588235294,0.5675675675675675,0.6774193548387096,217.0,0.08212720754215908,0.11827314039703418,0.03686635944700467
rf_26,800,sqrt,1,balanced_subsample,Oilseed rape,0.8968824940047961,0.8904761904761904,0.9033816425120773,207.0,0.8188585607940446,0.8418367346938775,0.7971014492753623,207.0,0.07802393321075152,0.04863945578231288,0.106280193236715
rf_26,800,sqrt,1,balanced_subsample,Potatoes,0.7904761904761904,0.8019323671497585,0.7793427230046949,213.0,0.705,0.7540106951871658,0.6619718309859155,213.0,0.08547619047619048,0.04792167196259267,0.11737089201877937
rf_26,800,sqrt,1,balanced_subsample,Pulses / field beans and peas,0.663594470046083,0.6486486486486487,0.6792452830188679,212.0,0.5170731707317073,0.5353535353535354,0.5,212.0,0.14652129931437563,0.11329511329511333,0.17924528301886788
rf_27,800,sqrt,3,balanced,Winter wheat,0.8088235294117647,0.8333333333333334,0.7857142857142857,210.0,0.7383177570093458,0.7247706422018348,0.7523809523809524,210.0,0.07050577240241895,0.10856269113149852,0.033333333333333326
rf_27,800,sqrt,3,balanced,Winter barley,0.7899543378995434,0.7935779816513762,0.7863636363636364,220.0,0.746606334841629,0.7432432432432432,0.75,220.0,0.04334800305791442,0.05033473840813296,0.036363636363636376
rf_27,800,sqrt,3,balanced,Spring barley,0.8416289592760181,0.8416289592760181,0.8416289592760181,221.0,0.7653276955602537,0.7182539682539683,0.8190045248868778,221.0,0.0763012637157644,0.12337499102204985,0.022624434389140302
rf_27,800,sqrt,3,balanced,Beet (sugar beet / fodder beet),0.8181818181818182,0.8294930875576036,0.8071748878923767,223.0,0.7754137115839244,0.82,0.7354260089686099,223.0,0.042768106597893873,0.009493087557603697,0.0717488789237668
rf_27,800,sqrt,3,balanced,Maize,0.6862302483069977,0.672566371681416,0.7004608294930875,217.0,0.6234309623430963,0.5708812260536399,0.6866359447004609,217.0,0.0627992859639015,0.10168514562777609,0.013824884792626668
rf_27,800,sqrt,3,balanced,Oilseed rape,0.9,0.8873239436619719,0.9130434782608695,207.0,0.8170426065162907,0.8489583333333334,0.7874396135265701,207.0,0.08295739348370934,0.0383656103286385,0.1256038647342994
rf_27,800,sqrt,3,balanced,Potatoes,0.780952380952381,0.7922705314009661,0.7699530516431925,213.0,0.6867167919799498,0.7365591397849462,0.6431924882629108,213.0,0.09423558897243112,0.0557113916160199,0.12676056338028174
rf_27,800,sqrt,3,balanced,Pulses / field beans and peas,0.6528735632183909,0.6367713004484304,0.6698113207547169,212.0,0.504950495049505,0.53125,0.4811320754716981,212.0,0.1479230681688859,0.10552130044843044,0.18867924528301883
rf_28,800,sqrt,3,balanced_subsample,Winter wheat,0.8077858880778589,0.8258706467661692,0.7904761904761904,210.0,0.7441860465116279,0.7272727272727273,0.7619047619047619,210.0,0.063599841566231,0.09859791949344188,0.02857142857142858
rf_28,800,sqrt,3,balanced_subsample,Winter barley,0.7981651376146789,0.8055555555555556,0.7909090909090909,220.0,0.7488584474885844,0.7522935779816514,0.7454545454545455,220.0,0.049306690126094455,0.05326197757390416,0.045454545454545414
rf_28,800,sqrt,3,balanced_subsample,Spring barley,0.8552036199095022,0.8552036199095022,0.8552036199095022,221.0,0.759493670886076,0.7114624505928854,0.8144796380090498,221.0,0.09570994902342622,0.14374116931661685,0.040723981900452455
rf_28,800,sqrt,3,balanced_subsample,Beet (sugar beet / fodder beet),0.8253968253968254,0.8348623853211009,0.8161434977578476,223.0,0.7706855791962175,0.815,0.7309417040358744,223.0,0.054711246200607855,0.01986238532110096,0.08520179372197312
rf_28,800,sqrt,3,balanced_subsample,Maize,0.6938775510204082,0.6830357142857143,0.7050691244239631,217.0,0.6247379454926625,0.573076923076923,0.6866359447004609,217.0,0.06913960552774567,0.10995879120879126,0.018433179723502224
rf_28,800,sqrt,3,balanced_subsample,Oilseed rape,0.8978622327790974,0.883177570093458,0.9130434782608695,207.0,0.8118811881188119,0.8324873096446701,0.7922705314009661,207.0,0.08598104466028544,0.05069026044878788,0.12077294685990336
rf_28,800,sqrt,3,balanced_subsample,Potatoes,0.780952380952381,0.7922705314009661,0.7699530516431925,213.0,0.6967418546365914,0.7473118279569892,0.6525821596244131,213.0,0.08421052631578951,0.0449587034439769,0.11737089201877937
rf_28,800,sqrt,3,balanced_subsample,Pulses / field beans and peas,0.6589861751152074,0.6441441441441441,0.6745283018867925,212.0,0.5187032418952618,0.5502645502645502,0.49056603773584906,212.0,0.14028293321994556,0.09387959387959388,0.1839622641509434
rf_29,800,sqrt,5,balanced,Winter wheat,0.8048780487804879,0.825,0.7857142857142857,210.0,0.7365967365967366,0.7214611872146118,0.7523809523809524,210.0,0.06828131218375122,0.10353881278538812,0.033333333333333326
rf_29,800,sqrt,5,balanced,Winter barley,0.7927107061503417,0.7945205479452054,0.7909090909090909,220.0,0.7454545454545455,0.7454545454545455,0.7454545454545455,220.0,0.04725616069579619,0.049066002490659955,0.045454545454545414
rf_29,800,sqrt,5,balanced,Spring barley,0.8435374149659864,0.8454545454545455,0.8416289592760181,221.0,0.755741127348643,0.7015503875968992,0.8190045248868778,221.0,0.08779628761734348,0.1439041578576462,0.022624434389140302
rf_29,800,sqrt,5,balanced,Beet (sugar beet / fodder beet),0.8272727272727273,0.8387096774193549,0.8161434977578476,223.0,0.7659574468085106,0.81,0.726457399103139,223.0,0.06131528046421664,0.028709677419354818,0.08968609865470856
rf_29,800,sqrt,5,balanced,Maize,0.6757990867579908,0.669683257918552,0.6820276497695853,217.0,0.605427974947808,0.5534351145038168,0.6682027649769585,217.0,0.07037111181018285,0.11624814341473522,0.01382488479262678
rf_29,800,sqrt,5,balanced,Oilseed rape,0.9,0.8873239436619719,0.9130434782608695,207.0,0.81,0.8393782383419689,0.782608695652174,207.0,0.08999999999999997,0.047945705320002974,0.13043478260869557
rf_29,800,sqrt,5,balanced,Potatoes,0.7817745803357314,0.7990196078431373,0.7652582159624414,213.0,0.6801007556675063,0.7336956521739131,0.6338028169014085,213.0,0.10167382466822517,0.06532395566922422,0.13145539906103287
rf_29,800,sqrt,5,balanced,Pulses / field beans and peas,0.6485260770975056,0.6244541484716157,0.6745283018867925,212.0,0.5012531328320802,0.5347593582887701,0.4716981132075472,212.0,0.14727294426542548,0.08969479018284565,0.2028301886792453
rf_30,800,sqrt,5,balanced_subsample,Winter wheat,0.8088235294117647,0.8333333333333334,0.7857142857142857,210.0,0.735632183908046,0.7111111111111111,0.7619047619047619,210.0,0.07319134550371875,0.12222222222222223,0.023809523809523836
rf_30,800,sqrt,5,balanced_subsample,Winter barley,0.7927107061503417,0.7945205479452054,0.7909090909090909,220.0,0.7477064220183486,0.7546296296296297,0.740909090909091,220.0,0.04500428413199309,0.039890918315575785,0.04999999999999993
rf_30,800,sqrt,5,balanced_subsample,Spring barley,0.8397291196388262,0.8378378378378378,0.8416289592760181,221.0,0.7631027253668763,0.7109375,0.8235294117647058,221.0,0.07662639427194995,0.12690033783783783,0.018099547511312264
rf_30,800,sqrt,5,balanced_subsample,Beet (sugar beet / fodder beet),0.8264840182648402,0.8418604651162791,0.8116591928251121,223.0,0.7717647058823529,0.8118811881188119,0.7354260089686099,223.0,0.054719312382487284,0.029979276997467164,0.07623318385650224
rf_30,800,sqrt,5,balanced_subsample,Maize,0.6817155756207675,0.668141592920354,0.695852534562212,217.0,0.6205450733752621,0.5692307692307692,0.6820276497695853,217.0,0.061170502245505354,0.09891082368958481,0.013824884792626668
rf_30,800,sqrt,5,balanced_subsample,Oilseed rape,0.8952380952380953,0.8826291079812206,0.9082125603864735,207.0,0.82,0.8497409326424871,0.7922705314009661,207.0,0.07523809523809533,0.03288817533873356,0.11594202898550732
rf_30,800,sqrt,5,balanced_subsample,Potatoes,0.784503631961259,0.81,0.7605633802816901,213.0,0.6766917293233082,0.7258064516129032,0.6338028169014085,213.0,0.10781190263795082,0.0841935483870968,0.12676056338028163
rf_30,800,sqrt,5,balanced_subsample,Pulses / field beans and peas,0.6425339366515838,0.6173913043478261,0.6698113207547169,212.0,0.4987405541561713,0.5351351351351351,0.4669811320754717,212.0,0.14379338249541246,0.08225616921269097,0.20283018867924524
rf_31,800,log2,1,balanced,Winter wheat,0.8155339805825242,0.8316831683168316,0.8,210.0,0.7453703703703703,0.7252252252252253,0.7666666666666667,210.0,0.07016361021215389,0.10645794309160639,0.033333333333333326
rf_31,800,log2,1,balanced,Winter barley,0.7916666666666666,0.8066037735849056,0.7772727272727272,220.0,0.7448275862068966,0.7534883720930232,0.7363636363636363,220.0,0.04683908045977003,0.05311540149188243,0.040909090909090895
rf_31,800,log2,1,balanced,Spring barley,0.8418708240534521,0.8289473684210527,0.8552036199095022,221.0,0.7621052631578947,0.7125984251968503,0.8190045248868778,221.0,0.07976556089555742,0.1163489432242023,0.03619909502262442
rf_31,800,log2,1,balanced,Beet (sugar beet / fodder beet),0.832579185520362,0.8401826484018264,0.8251121076233184,223.0,0.7728337236533958,0.8088235294117647,0.7399103139013453,223.0,0.059745461866966276,0.03135911899006172,0.08520179372197312
rf_31,800,log2,1,balanced,Maize,0.6964285714285714,0.6753246753246753,0.7188940092165899,217.0,0.6353944562899787,0.5912698412698413,0.6866359447004609,217.0,0.06103411513859269,0.08405483405483405,0.032258064516129004
rf_31,800,log2,1,balanced,Oilseed rape,0.8995215311004785,0.8909952606635071,0.9082125603864735,207.0,0.8261964735516373,0.8631578947368421,0.7922705314009661,207.0,0.07332505754884122,0.02783736592666497,0.11594202898550732
rf_31,800,log2,1,balanced,Potatoes,0.7922705314009661,0.8159203980099502,0.7699530516431925,213.0,0.6954314720812182,0.7569060773480663,0.6431924882629108,213.0,0.0968390593197479,0.059014320661883946,0.12676056338028174
rf_31,800,log2,1,balanced,Pulses / field beans and peas,0.6589327146171694,0.6484018264840182,0.6698113207547169,212.0,0.5179856115107914,0.526829268292683,0.5094339622641509,212.0,0.14094710310637804,0.12157255819133528,0.160377358490566
rf_32,800,log2,1,balanced_subsample,Winter wheat,0.7990196078431373,0.8232323232323232,0.7761904761904762,210.0,0.7565011820330969,0.7511737089201878,0.7619047619047619,210.0,0.042518425810040394,0.07205861431213545,0.014285714285714346
rf_32,800,log2,1,balanced_subsample,Winter barley,0.780045351473923,0.7782805429864253,0.7818181818181819,220.0,0.7629796839729119,0.757847533632287,0.7681818181818182,220.0,0.017065667501011017,0.020433009354138387,0.013636363636363669
rf_32,800,log2,1,balanced_subsample,Spring barley,0.8392857142857143,0.8281938325991189,0.8506787330316742,221.0,0.7702127659574468,0.7269076305220884,0.8190045248868778,221.0,0.06907294832826749,0.10128620207703054,0.03167420814479638
rf_32,800,log2,1,balanced_subsample,Beet (sugar beet / fodder beet),0.8280542986425339,0.8356164383561644,0.820627802690583,223.0,0.7688679245283019,0.8109452736318408,0.7309417040358744,223.0,0.059186374114232,0.024671164724323624,0.08968609865470856
rf_32,800,log2,1,balanced_subsample,Maize,0.7061503416856492,0.6981981981981982,0.7142857142857143,217.0,0.6326963906581741,0.5866141732283464,0.6866359447004609,217.0,0.0734539510274751,0.11158402496985176,0.027649769585253448
rf_32,800,log2,1,balanced_subsample,Oilseed rape,0.8973747016706444,0.8867924528301887,0.9082125603864735,207.0,0.8241206030150754,0.8586387434554974,0.7922705314009661,207.0,0.07325409865556898,0.028153709374691305,0.11594202898550732
rf_32,800,log2,1,balanced_subsample,Potatoes,0.7894736842105263,0.8048780487804879,0.7746478873239436,213.0,0.6915422885572139,0.7354497354497355,0.6525821596244131,213.0,0.09793139565331244,0.06942831333075239,0.1220657276995305
rf_32,800,log2,1,balanced_subsample,Pulses / field beans and peas,0.6635730858468677,0.6529680365296804,0.6745283018867925,212.0,0.5253012048192771,0.5369458128078818,0.5141509433962265,212.0,0.13827188102759058,0.1160222237217986,0.160377358490566
rf_33,800,log2,3,balanced,Winter wheat,0.8097560975609757,0.83,0.7904761904761904,210.0,0.7482678983833718,0.726457399103139,0.7714285714285715,210.0,0.06148819917760384,0.10354260089686096,0.01904761904761898
rf_33,800,log2,3,balanced,Winter barley,0.7899543378995434,0.7935779816513762,0.7863636363636364,220.0,0.7407407407407407,0.7547169811320755,0.7272727272727273,220.0,0.04921359715880269,0.03886100051930064,0.05909090909090908
rf_33,800,log2,3,balanced,Spring barley,0.8411633109619687,0.831858407079646,0.8506787330316742,221.0,0.7568710359408034,0.7103174603174603,0.8099547511312217,221.0,0.08429227502116532,0.12154094676218563,0.040723981900452455
rf_33,800,log2,3,balanced,Beet (sugar beet / fodder beet),0.8253968253968254,0.8348623853211009,0.8161434977578476,223.0,0.7681498829039812,0.803921568627451,0.7354260089686099,223.0,0.05724694249284412,0.030940816693649897,0.08071748878923768
rf_33,800,log2,3,balanced,Maize,0.6832579185520362,0.6711111111111111,0.695852534562212,217.0,0.6160337552742616,0.5680933852140078,0.6728110599078341,217.0,0.06722416327777458,0.10301772589710334,0.02304147465437789
rf_33,800,log2,3,balanced,Oilseed rape,0.8947368421052632,0.8862559241706162,0.9033816425120773,207.0,0.8098765432098766,0.8282828282828283,0.7922705314009661,207.0,0.0848602988953866,0.05797309588778787,0.11111111111111116
rf_33,800,log2,3,balanced,Potatoes,0.7961630695443646,0.8137254901960784,0.7793427230046949,213.0,0.6867167919799498,0.7365591397849462,0.6431924882629108,213.0,0.10944627756441472,0.07716635041113218,0.13615023474178412
rf_33,800,log2,3,balanced,Pulses / field beans and peas,0.6605080831408776,0.6470588235294118,0.6745283018867925,212.0,0.5161290322580645,0.5445026178010471,0.49056603773584906,212.0,0.1443790508828131,0.10255620572836466,0.1839622641509434
rf_34,800,log2,3,balanced_subsample,Winter wheat,0.8077858880778589,0.8258706467661692,0.7904761904761904,210.0,0.7441860465116279,0.7272727272727273,0.7619047619047619,210.0,0.063599841566231,0.09859791949344188,0.02857142857142858
rf_34,800,log2,3,balanced_subsample,Winter barley,0.7935779816513762,0.8009259259259259,0.7863636363636364,220.0,0.7442922374429224,0.7477064220183486,0.740909090909091,220.0,0.049285744208453774,0.05321950390757735,0.045454545454545414
rf_34,800,log2,3,balanced_subsample,Spring barley,0.8411633109619687,0.831858407079646,0.8506787330316742,221.0,0.7547169811320755,0.703125,0.8144796380090498,221.0,0.0864463298298932,0.12873340707964598,0.03619909502262442
rf_34,800,log2,3,balanced_subsample,Beet (sugar beet / fodder beet),0.8318181818181818,0.8433179723502304,0.820627802690583,223.0,0.7670588235294118,0.806930693069307,0.7309417040358744,223.0,0.06475935828877,0.036387279280923446,0.08968609865470856
rf_34,800,log2,3,balanced_subsample,Maize,0.6877828054298643,0.6755555555555556,0.7004608294930875,217.0,0.620253164556962,0.5719844357976653,0.6774193548387096,217.0,0.06752964087290225,0.10357111975789024,0.02304147465437789
rf_34,800,log2,3,balanced_subsample,Oilseed rape,0.9016786570743405,0.8952380952380953,0.9082125603864735,207.0,0.82,0.8497409326424871,0.7922705314009661,207.0,0.08167865707434052,0.04549716259560821,0.11594202898550732
rf_34,800,log2,3,balanced_subsample,Potatoes,0.7913669064748201,0.8088235294117647,0.7746478873239436,213.0,0.68,0.7272727272727273,0.6384976525821596,213.0,0.11136690647482006,0.08155080213903743,0.136150234741784
rf_34,800,log2,3,balanced_subsample,Pulses / field beans and peas,0.6559633027522935,0.6383928571428571,0.6745283018867925,212.0,0.5074626865671642,0.5368421052631579,0.4811320754716981,212.0,0.14850061618512933,0.1015507518796992,0.19339622641509435
rf_35,800,log2,5,balanced,Winter wheat,0.8068459657701712,0.8291457286432161,0.7857142857142857,210.0,0.735632183908046,0.7111111111111111,0.7619047619047619,210.0,0.07121378186212524,0.11803461753210498,0.023809523809523836
rf_35,800,log2,5,balanced,Winter barley,0.7927107061503417,0.7945205479452054,0.7909090909090909,220.0,0.7385321100917431,0.7453703703703703,0.7318181818181818,220.0,0.05417859605859854,0.049150177574835086,0.05909090909090908
rf_35,800,log2,5,balanced,Spring barley,0.8430493273542601,0.8355555555555556,0.8506787330316742,221.0,0.7489539748953975,0.6964980544747081,0.8099547511312217,221.0,0.09409535245886258,0.13905750108084747,0.040723981900452455
rf_35,800,log2,5,balanced,Beet (sugar beet / fodder beet),0.8246013667425968,0.8379629629629629,0.8116591928251121,223.0,0.7576470588235295,0.7970297029702971,0.7219730941704036,223.0,0.06695430791906731,0.04093325999266584,0.08968609865470856
rf_35,800,log2,5,balanced,Maize,0.683371298405467,0.6756756756756757,0.6912442396313364,217.0,0.6160337552742616,0.5680933852140078,0.6728110599078341,217.0,0.06733754313120532,0.1075822904616679,0.018433179723502335
rf_35,800,log2,5,balanced,Oilseed rape,0.8926014319809069,0.8820754716981132,0.9033816425120773,207.0,0.8241206030150754,0.8586387434554974,0.7922705314009661,207.0,0.06848082896583152,0.02343672824261578,0.11111111111111116
rf_35,800,log2,5,balanced,Potatoes,0.7903614457831325,0.8118811881188119,0.7699530516431925,213.0,0.6766917293233082,0.7258064516129032,0.6338028169014085,213.0,0.11366971645982427,0.08607473650590869,0.136150234741784
rf_35,800,log2,5,balanced,Pulses / field beans and peas,0.6590909090909091,0.6359649122807017,0.6839622641509434,212.0,0.5187032418952618,0.5502645502645502,0.49056603773584906,212.0,0.14038766719564721,0.0857003620161515,0.19339622641509435
rf_36,800,log2,5,balanced_subsample,Winter wheat,0.8058968058968059,0.8324873096446701,0.780952380952381,210.0,0.7419354838709677,0.71875,0.7666666666666667,210.0,0.06396132202583815,0.1137373096446701,0.014285714285714235
rf_36,800,log2,5,balanced_subsample,Winter barley,0.7909090909090909,0.7909090909090909,0.7909090909090909,220.0,0.7368421052631579,0.7419354838709677,0.7318181818181818,220.0,0.05406698564593304,0.048973607038123146,0.05909090909090908
rf_36,800,log2,5,balanced_subsample,Spring barley,0.8430493273542601,0.8355555555555556,0.8506787330316742,221.0,0.7605042016806722,0.7098039215686275,0.8190045248868778,221.0,0.08254512567358785,0.12575163398692812,0.03167420814479638
rf_36,800,log2,5,balanced_subsample,Beet (sugar beet / fodder beet),0.8302752293577982,0.8497652582159625,0.8116591928251121,223.0,0.7659574468085106,0.81,0.726457399103139,223.0,0.06431778254928755,0.03976525821596244,0.08520179372197312
rf_36,800,log2,5,balanced_subsample,Maize,0.6802721088435374,0.6696428571428571,0.6912442396313364,217.0,0.6108786610878661,0.5593869731800766,0.6728110599078341,217.0,0.06939344775567124,0.11025588396278052,0.018433179723502335
rf_36,800,log2,5,balanced_subsample,Oilseed rape,0.8973747016706444,0.8867924528301887,0.9082125603864735,207.0,0.8161209068010076,0.8526315789473684,0.782608695652174,207.0,0.0812537948696368,0.0341608738828203,0.12560386473429952
rf_36,800,log2,5,balanced_subsample,Potatoes,0.7922705314009661,0.8159203980099502,0.7699530516431925,213.0,0.67,0.7165775401069518,0.6291079812206573,213.0,0.12227053140096611,0.09934285790299835,0.14084507042253525
rf_36,800,log2,5,balanced_subsample,Pulses / field beans and peas,0.6591422121896162,0.6320346320346321,0.6886792452830188,212.0,0.5037406483790524,0.5343915343915344,0.47641509433962265,212.0,0.1554015638105638,0.09764309764309764,0.21226415094339618
